{"!": 0, "$": 1, "%": 2, "&": 3, "'": 4, "(": 5, ")": 6, "*": 7, "+": 8, ",": 9, "-": 10, ".": 11, "/": 12, "0": 13, "1": 14, "2": 15, "3": 16, "4": 17, "5": 18, "6": 19, "7": 20, "8": 21, "9": 22, ":": 23, ";": 24, "=": 25, "?": 26, "@": 27, "A": 28, "B": 29, "C": 30, "D": 31, "E": 32, "F": 33, "G": 34, "H": 35, "I": 36, "J": 37, "K": 38, "L": 39, "M": 40, "N": 41, "O": 42, "P": 43, "Q": 44, "R": 45, "S": 46, "T": 47, "U": 48, "V": 49, "W": 50, "X": 51, "Y": 52, "Z": 53, "[": 54, "\\": 55, "]": 56, "^": 57, "_": 58, "`": 59, "a": 60, "b": 61, "c": 62, "d": 63, "e": 64, "f": 65, "g": 66, "h": 67, "i": 68, "j": 69, "k": 70, "l": 71, "m": 72, "n": 73, "o": 74, "p": 75, "q": 76, "r": 77, "s": 78, "t": 79, "u": 80, "v": 81, "w": 82, "x": 83, "y": 84, "z": 85, "{": 86, "|": 87, "}": 88, "~": 89}
