{
    "exception_matches":[
        {"url_host": "fbcdn.net", "tab_host": "facebook.com"},
        {"url_host": "flightcdn.com", "tab_host": "flightaware.com"},
        {"url_host": "outlook", "tab_host": "outlook.live.com"},
        {"url_host": "logincdn.msauth.net", "tab_host": "login.live.com"},
        {"url_host": "reddit", "tab_host": "reddit.com"},
        {"url_host": "lolstatic", "tab_host": "leagueoflegends.com"},
        {"url_host": "twitchcdn.net", "tab_host": "twitch.tv"},
        {"url_host": "poecdn", "tab_host": "pathofexile.com"},
        {"url_host": "googlevideo.com", "tab_host": "*"},
        {"url_host": "disney", "tab_host": "disney"},
        {"url_host": "uecdn.es", "tab_host": "marca.com"},
        {"url_host": "alicdn.com", "tab_host": "aliexpress.com"},
        {"url_host": "nflxso.net", "tab_host": "netflix"},
        {"url_host": "nflxvideo.net", "tab_host": "netflix"}]
}
